location_name,date_reported,allbed_mean,allbed_lower,allbed_upper,ICUbed_mean,ICUbed_lower,ICUbed_upper,InvVen_mean,InvVen_lower,InvVen_upper,deaths_mean,deaths_lower,deaths_upper,admis_mean,admis_lower,admis_upper,newICU_mean,newICU_lower,newICU_upper,totdea_mean,totdea_lower,totdea_upper,bedover_mean,bedover_lower,bedover_upper,icuover_mean,icuover_lower,icuover_upper
Florida,2020-02-06,0,0,0,0,0,0,0,0,0,0,0,0,0,0,0,0,0,0,0,0,0,0,0,0,0,0,0
Florida,2020-02-07,0,0,0,0,0,0,0,0,0,0,0,0,0,0,0,0,0,0,0,0,0,0,0,0,0,0,0
Florida,2020-02-08,0,0,0,0,0,0,0,0,0,0,0,0,0,0,0,0,0,0,0,0,0,0,0,0,0,0,0
Florida,2020-02-09,0,0,0,0,0,0,0,0,0,0,0,0,0,0,0,0,0,0,0,0,0,0,0,0,0,0,0
Florida,2020-02-10,0,0,0,0,0,0,0,0,0,0,0,0,0,0,0,0,0,0,0,0,0,0,0,0,0,0,0
Florida,2020-02-11,0,0,0,0,0,0,0,0,0,0,0,0,0,0,0,0,0,0,0,0,0,0,0,0,0,0,0
Florida,2020-02-12,0,0,0,0,0,0,0,0,0,0,0,0,0,0,0,0,0,0,0,0,0,0,0,0,0,0,0
Florida,2020-02-13,0,0,0,0,0,0,0,0,0,0,0,0,0,0,0,0,0,0,0,0,0,0,0,0,0,0,0
Florida,2020-02-14,0,0,0,0,0,0,0,0,0,0,0,0,0,0,0,0,0,0,0,0,0,0,0,0,0,0,0
Florida,2020-02-15,0,0,0,0,0,0,0,0,0,0,0,0,0,0,0,0,0,0,0,0,0,0,0,0,0,0,0
Florida,2020-02-16,0,0,0,0,0,0,0,0,0,0,0,0,0,0,0,0,0,0,0,0,0,0,0,0,0,0,0
Florida,2020-02-17,0,0,0,0,0,0,0,0,0,0,0,0,0,0,0,0,0,0,0,0,0,0,0,0,0,0,0
Florida,2020-02-18,0,0,0,0,0,0,0,0,0,0,0,0,0,0,0,0,0,0,0,0,0,0,0,0,0,0,0
Florida,2020-02-19,0,0,0,0,0,0,0,0,0,0,0,0,0,0,0,0,0,0,0,0,0,0,0,0,0,0,0
Florida,2020-02-20,0,0,0,0,0,0,0,0,0,0,0,0,0,0,0,0,0,0,0,0,0,0,0,0,0,0,0
Florida,2020-02-21,0,0,0,0,0,0,0,0,0,0,0,0,0,0,0,0,0,0,0,0,0,0,0,0,0,0,0
Florida,2020-02-22,0,0,0,0,0,0,0,0,0,0,0,0,0,0,0,0,0,0,0,0,0,0,0,0,0,0,0
Florida,2020-02-23,0,0,0,0,0,0,0,0,0,0,0,0,0,0,0,0,0,0,0,0,0,0,0,0,0,0,0
Florida,2020-02-24,0,0,0,0,0,0,0,0,0,0,0,0,0,0,0,0,0,0,0,0,0,0,0,0,0,0,0
Florida,2020-02-25,0,0,0,0,0,0,0,0,0,0,0,0,0,0,0,0,0,0,0,0,0,0,0,0,0,0,0
Florida,2020-02-26,0,0,0,0,0,0,0,0,0,0,0,0,0,0,0,0,0,0,0,0,0,0,0,0,0,0,0
Florida,2020-02-27,0,0,0,0,0,0,0,0,0,0,0,0,0,0,0,0,0,0,0,0,0,0,0,0,0,0,0
Florida,2020-02-28,0,0,0,0,0,0,0,0,0,0,0,0,0,0,0,0,0,0,0,0,0,0,0,0,0,0,0
Florida,2020-02-29,0,0,0,0,0,0,0,0,0,0,0,0,0,0,0,0,0,0,0,0,0,0,0,0,0,0,0
Florida,2020-03-01,0,0,0,0,0,0,0,0,0,0,0,0,0,0,0,0,0,0,0,0,0,0,0,0,0,0,0
Florida,2020-03-02,0,0,0,0,0,0,0,0,0,0,0,0,0,0,0,0,0,0,0,0,0,0,0,0,0,0,0
Florida,2020-03-03,0,0,0,0,0,0,0,0,0,0,0,0,0,0,0,0,0,0,0,0,0,0,0,0,0,0,0
Florida,2020-03-04,0,0,0,0,0,0,0,0,0,0,0,0,0,0,0,0,0,0,0,0,0,0,0,0,0,0,0
Florida,2020-03-05,0,0,0,0,0,0,0,0,0,0,0,0,0,0,0,0,0,0,0,0,0,0,0,0,0,0,0
Florida,2020-03-06,0,0,0,0,0,0,0,0,0,0,0,0,0,0,0,0,0,0,0,0,0,0,0,0,0,0,0
Florida,2020-03-07,0,0,0,0,0,0,0,0,0,0,0,0,0,0,0,0,0,0,0,0,0,0,0,0,0,0,0
Florida,2020-03-08,0,0,0,0,0,0,0,0,0,2,2,2,0,0,0,0,0,0,2,2,2,0,0,0,0,0,0
Florida,2020-03-09,10.2792899323286,0,31,2.38430984451135,0,6.67499999999999,1.30092644350833,0,3.63020833333333,0,0,0,10.2792899323286,0,31,2.38430984451135,0,6.67499999999999,2,2,2,0,0,0,0,0,0
Florida,2020-03-10,12.1635214994929,0,31,2.84783757084848,0,8,1.55297363476307,0,4.5,0,0,0,1.88423156716435,0,6.50073529411765,0.46352772633713,0,2.5,2,2,2,0,0,0,0,0,0
Florida,2020-03-11,46.917601559573,23,66.5055555555555,11.0384810644464,4,16.2108187134503,5.96167679484688,1.9875,9.0015625,0,0,0,34.7540800600801,16.5,49.0527046783626,8.19064349359791,3,12.0013157894737,2,2,2,0,0,0,0,0,0
Florida,2020-03-12,55.758817294118,30,77.6251644736842,13.1330692757019,6,18.801875,7.09616062649081,2.5,10.6671052631579,0,0,0,8.84121573454495,3,16.2973039215686,2.09458821125555,0,4.6385101010101,2,2,2,0,0,0,0,0,0
Florida,2020-03-13,64.6794469145234,37,88.1090384615384,15.2492544775916,7,21.4002941176471,8.2524998834327,3,12.0013888888889,0,0,0,8.92062962040539,1.5,16.5628205128205,2.11618520188961,0,4.5,2,2,2,0,0,0,0,0,0
Florida,2020-03-14,76.4708936286194,42.975,104,18.0142797432358,8.9875,25.05,9.73035477828415,4,13.8959795321637,1,1,1,11.791446714096,1.5,20.9413312693498,2.76502526564423,0,5.06272321428571,3,3,3,0,0,0,0,0,0
Florida,2020-03-15,96.7803656805613,59.4875,124.223611111111,22.80155436721,12.5,29.7265350877193,12.3212381422456,6,16.5032894736842,1,1,1,20.3094720519419,7,51,4.78727462397424,1,13.5,4,4,4,0,0,0,0,0,0
Florida,2020-03-16,110.992311893602,67.4875,141.5,26.1810834672895,14.9875,34.4743421052632,14.1496064168546,7,19,1,1,1,14.2119462130405,3,27.5929738562091,3.37952910007949,0.5,7,5,5,5,0,0,0,0,0,0
Florida,2020-03-17,151.009673086992,128.5,193,33.8829962293511,26.84125,46,18.2810867226212,13.5,26.5,1,1,1,42.2622773640317,13.5623263888889,86.5125,9.946828932703,2.94993421052632,22.5,6,6,6,0,0,0,0,0,0
Florida,2020-03-18,175.620242392068,146.993421052632,222.0125,39.3575317747096,30.49875,52.525,21.217555981076,15.5,29.5,1,1,1,25.0482329890053,10,49.76875,5.91219922928808,1.9875,12,7,7,7,0,0,0,0,0,0
Florida,2020-03-19,191.536006668379,155.615789473684,248,37.7789527102284,27.7997368421053,54.5,20.3581330931109,14.5,30.5,2,2,2,28.4382394713216,11.5,52.0125,6.72415849771144,2.4875,13,9,9,9,0,0,0,0,0,0
Florida,2020-03-20,220.5389598644,174.744407894737,283.5125,43.1871538224933,30.8385526315789,61.5125,23.2812311765763,16.0975,33.5,1,1,1,31.8599470349353,14.5,57.5,7.4891050455951,2.6625,14,10,10,10,0,0,0,0,0,0
Florida,2020-03-21,253.746357022578,194.94875,335.5125,49.5853701749016,34.157697368421,70.75625,26.6863673735492,17.8998684210526,38.5,3,3,3,36.0802529959291,14.9875,67.5,8.50749734149579,3,16.8584415584416,13,13,13,0,0,0,0,0,0
Florida,2020-03-22,291.213066564095,216.81625,395.55,56.6717629394299,37.2490131578947,83.5125,30.5238622313703,19.7444078947368,46.675,0,0,0,41.3922661517576,17.9875,75.0638157894737,9.85558808778511,3.5,19,13,13,13,0,0,0,0,0,0
Florida,2020-03-23,332.720270118933,239.5,466.661401098901,63.1730291809712,40.24375,95.5125,34.0363459364938,21.14625,52.5208333333333,5,5,5,47.3245992983539,21,84.6071428571428,11.1575675076987,4.5,20.4713235294118,18,18,18,0,0,0,0,0,0
Florida,2020-03-24,373.882914031771,264.525657894737,540.855921052631,72.356122277151,44.99625,112.454545454545,39.0381922088489,24,61.805,0,0,0,53.0865504766218,22.9875,97.005,12.5227826889055,5,23.3022222222222,18,18,18,0,0,0,0,0,0
Florida,2020-03-25,418.08729402944,280.889035087719,633.176136363636,76.388340095302,44.0975,127.384210526316,41.321755781104,23.4901315789474,68.0210526315789,2.894,2,4,60.1647738276816,26.9986842105263,110.81125,14.0689659154571,5.98815789473684,26.5695913461538,20.894,20,22,0,0,0,0,0,0
Florida,2020-03-26,453.62613204684,291.057352941176,717.077272727273,86.1983515972461,48.9875,144.5015625,46.6346360005964,25.99875,77.9694196428571,3.319,2,5,66.3732401569019,29.695,123.81125,15.6954339254485,6.5,29.5015625,24.213,22,27,0,0,0,0,0,0
Florida,2020-03-27,513.328306380462,320.9625,826.290384615385,97.2324009582093,53.9499342105263,166.465625,52.5800948901116,29.4980263157895,89.4631696428571,3.805,2,6,74.863214954185,34.39,144.148660714286,17.7245415952383,7.24375,34.1076315789474,28.018,24,33,0,0,0,0,0,0
Florida,2020-03-28,581.544753112015,356.95,952.406818181818,109.709233945793,59.5,193.510576923077,59.255575820009,31.9986842105263,103.728733766234,4.319,3,7,84.573923604702,40.93875,155.045454545455,19.9439272505144,8.5,37.9303571428571,32.337,27,40,0,0,0,0,0,0
Florida,2020-03-29,655.135845707363,393.492763157895,1106.87938311688,123.206025373397,67,219.363186813187,66.5599390009629,36.04875,119.1625,4.946,3,8,93.2237778058629,43.34125,178.322869318182,21.9782922836065,10,42.555,37.283,30,48,0,0,0,0,0,0
Florida,2020-03-30,730.197495247271,420.4725,1249.25,137.645529284158,74.99,252.405384615385,74.363760064149,39.975,136.175,5.606,3,9,102.674003491005,45.48375,194.8171875,24.2613110112583,10.1976315789474,46.4303571428571,42.889,33,57,0,0,0,0,0,0
Florida,2020-03-31,818.051582559082,454.6575,1428.205,153.242834206695,79.99,284.547017045454,82.7870855871124,42.74375,153.95625,6.341,4,11,112.822778758337,49.745,223.701785714286,26.7111214819795,10.79875,53.5008333333333,49.23,37,68,0,0,0,0,0,0
Florida,2020-04-01,896.412268855113,488.51125,1639.979375,170.008049266497,86.3078947368421,325.005357142857,91.8151312221018,46.4703947368421,171.6,7.129,4,12,123.604618974399,52.04875,245.878084415584,29.2405018544192,12.34125,59,56.359,41,80,0,0,0,0,0,0
Florida,2020-04-02,995.036069372483,530.79,1810.5875,187.758792749274,93.7822368421052,350.214955357143,101.377463511093,49.6802631578947,188.178174603175,8.014,4,14,134.910841844696,57.4875,264.952380952381,31.7705041351064,13.4993421052632,62.7309659090909,64.373,45,94,0,0,0,0,0,0
Florida,2020-04-03,1099.93567845148,569.4975,2026.84196428571,206.416459987106,99.1965131578947,391.255803571429,111.464751888162,52.9433552631579,209.7375,8.984,5,16,145.755728109558,60.0325,289.066666666667,34.309549778047,13.5275,69.07125,73.357,50,110,0,0,0,0,0,0
Florida,2020-04-04,1210.1226830282,608.08177631579,2240.39375,225.713190065786,103.415,437.503125,122.030449457087,56.0463157894737,233.010416666667,10.027,5,18,156.081011152307,61.63875,308.944583333333,36.9648232349436,14.2476973684211,74.1492307692308,83.384,55,128,0,0,0,0,0,0
Florida,2020-04-05,1328.89306026168,637.85,2471.48392857143,245.964752898744,108.74125,476.456696428571,133.092331240706,58.5955263157895,257.357142857143,11.172,6,21,170.466972184717,66,338.026666666667,40.1198604821563,15.4975,79.5296875,94.556,61,149,0,0,0,0,0,0
Florida,2020-04-06,1452.73642096371,670.972368421053,2740.80178571428,266.983271902435,113.374210526316,522.935714285714,144.442402303944,61.9825,279.779464285714,12.371,6,23,181.896230315514,67.92625,354.120454545455,42.9273515630568,15.5975,86.5,106.927,67,172,0,0,0,0,0,0
Florida,2020-04-07,1580.19790431462,708.442697368421,3018.3,288.2044654715,119.933684210526,567.942857142857,155.970852376025,65.2925,306.682142857143,13.689,7,26,192.854397857749,68.42875,386.580833333333,45.4229053811342,16.08875,91.5079545454545,120.616,74,198,0,0,0,0,0,0
Florida,2020-04-08,1714.25443711392,737.387434210526,3279.53727678571,310.206830002101,123.28625,607.014285714286,167.898841395331,66.78375,328.130803571429,14.988,7,29,206.771108004972,71.6157894736842,402.381666666667,48.6438948768079,17.04875,93.5091666666667,135.604,81,227,0,0,0,0,0,0
Florida,2020-04-09,1852.5293193801,761.9675,3574.4046875,332.61029735361,126.645,654.15,180.077426990235,68.19875,350.5375,16.335,7,31.025,219.404262794966,74.7925,445.5375,51.5800819942613,17.6475,105.025,151.939,88,258.025,0,0,0,0,0,0
Florida,2020-04-10,1994.60973974672,791.22625,3832.21833333333,355.392201980802,130.13625,688.075,192.270993904999,70.34625,370.008333333333,17.756,8,34.025,230.694380692201,75.685,452.353409090909,54.4830942730386,18.1923684210526,110,169.695,96,292.05,0,0,0,0,0,0
Florida,2020-04-11,2140.30836725417,817.15875,4087.54642857143,378.737022107094,132.9875,733.535227272727,204.805707000129,70.5975,395.273571428571,19.228,8,37,243.658282691723,74.9,491.0875,57.5826266939459,18.1475657894737,117.245,188.923,104,329.05,0,0,0,0,0,0
Florida,2020-04-12,2288.51155589978,831.6925,4336.57857142857,402.066590505354,135.934934210526,780.273928571428,217.333824848397,72.2,420.1,20.716,8,41,256.536662684104,72.9411842105263,511.375,60.2452712147115,16.95,121.00625,209.639,112,370.05,0,0,0,0,0,0
Florida,2020-04-13,2438.07480201911,857.7075,4643.50178571429,425.294783720829,139.90375,821.05,229.834297543336,74.6275,445.1775,22.244,9,43.025,267.921246049882,74.9675,537.555681818182,63.2398340642244,17.35,129.5125,231.883,121,413.075,0,0,0,0,0,0
Florida,2020-04-14,2590.769412319,881.1,4917.2625,448.954808181039,140.2475,875.102272727273,242.614701972795,76.1425,475.539772727273,23.839,9,46.025,281.274883457964,72.97625,572.101071428571,66.4731045174081,17.19875,134.9025,255.722,130,459.1,0,0,0,0,0,0
Florida,2020-04-15,2743.421514481,894.3225,5274.425,472.317310711494,140.0925,927.214285714286,255.13785699878,77.63375,501.03,25.399,9,49.025,291.72855995015,74.48375,599.5575,68.747712693245,17.4975,143,281.121,139,508.125,0,0,0,0,0,0
Florida,2020-04-16,2896.82264479747,907.1525,5594.14613636364,495.373064126714,140.494078947368,977.54,267.627929048678,76.2615789473684,527.525,26.991,9,52.025,304.116443893164,70.945,614.0375,71.6444345897996,16.8975,146,308.112,148,560.15,0,0,0,0,0,0
Florida,2020-04-17,3048.60762291478,925.1875,5930.5025,518.0885544794,139.7,1024.225,279.874984507065,77.32125,553.519642857143,28.58,9,55,314.325776825381,70.0355921052632,662.175,74.1853653064385,16.89625,158.5125,336.692,157,615.15,0,0,0,0,0,0
Florida,2020-04-18,3199.42280379533,923.865789473684,6242.29519230769,540.259402684171,141.870921052632,1075.00454545455,291.960755962317,75.3975,583.075,30.156,9.975,59,324.693583073909,66.1976315789474,690.0375,76.5459641600015,16.2424342105263,162,366.848,166.975,674.15,0,0,0,0,0,0
Florida,2020-04-19,3350.77641997328,934.548618421053,6621.725,562.117915463089,138.073881578947,1135,303.734604105385,74.04625,615.55,31.72,9,63,336.186320045847,67.87,753.0875,79.3868891386048,15.3975,177.025,398.568,175.975,737.15,0,0,0,0,0,0
Florida,2020-04-20,3498.04147584967,938.589078947368,6907.25340909091,583.730872348055,135.77375,1185.5,315.372402970705,74.3875,649.1375,33.274,9,66,345.87461949116,62.7299342105263,752.225,81.7770928870665,14.64875,178.025,431.842,184.975,803.15,0,0,0,0,0,0
Florida,2020-04-21,3645.05903505161,922.00875,7312.2625,605.007174627488,134.82625,1243.05,326.875746926891,71.92125,680.5875,34.82,9.975,70,357.210177225234,56.49375,802.8875,84.420329810768,13.49875,188.5,466.662,194.95,873.15,0,0,0,0,0,0
Florida,2020-04-22,3785.49067159605,892.1875,7669.125,623.973474391643,127.2275,1315.225,337.070133810398,69.9875,707.025,36.279,9,73.025,362.395210730201,51.94375,835.6875,85.3397721569624,12.6975,199.05,502.941,203.95,946.175,0,0,0,0,0,0
Florida,2020-04-23,3925.33046540701,892.83375,8190.2875,643.603981931042,124.49375,1371.7375,347.7258872085,66.53625,739.025,37.748,9,76,374.702412749432,50.76875,873.1,88.2946787587971,12.3465131578947,204.5625,540.689,212.95,1022.175,0,0,0,0,0,0
Florida,2020-04-24,4061.01716504682,873.9225,8511.26388888889,662.258414139318,116.44125,1440.8,357.647185536892,63.03625,782.0625,39.15,9,80.025,382.965790830562,49.32625,898.5,90.2596574199278,11.54375,211.5375,579.839,221.95,1102.2,0,0,0,0,0,0
Florida,2020-04-25,4190.12472244439,850.36125,8898.075,679.608437077731,109.151447368421,1515.675,367.038495592802,58.0725,826.025,40.544,9,85.025,387.214964122131,44.97625,930.5125,91.4678302381141,10.4975,220.525,620.383,230.95,1187.225,0,0,0,0,0,0
Florida,2020-04-26,4313.98450177582,808.2775,9444.6375,695.996248290985,102.92625,1587.0125,375.99502511219,54.74875,867.15,41.882,9,89.025,394.057659573403,41.56375,939.5375,92.8788615787549,9.34625,226.5,662.265,239.95,1276.25,0,0,0,0,0,0
Florida,2020-04-27,4435.77817698352,765.5275,9844.175,711.941949796445,96.69375,1636.2875,384.612131506857,51.92875,891.6875,43.164,8,92,404.853526807652,33.52,985.1375,95.2985029284871,7.89875,236.0125,705.429,247.95,1368.25,0,0,0,0,0,0
Florida,2020-04-28,4552.90941059607,729.585,10303.3875,727.076176777522,90.1114473684211,1694.35,392.925536460813,47.7221710526316,918.25,44.412,8,96.025,410.724809197369,34.0683333333333,1004.25,96.7963014546341,7.71041666666667,236.525,749.841,255.95,1464.275,0,0,0,0,0,0
Florida,2020-04-29,4661.67776853754,684.05625,10644.4125,740.284502622137,83.4428289473684,1752.025,400.144218768534,43.47875,940.6,45.591,7,101,414.998274187848,26.49375,1007.5375,97.4982589707549,5.75,240.0125,795.432,262.95,1565.275,0,0,0,0,0,57.025
Florida,2020-04-30,4767.58030852489,635.3675,10996.25,754.1121387369,75.6446710526316,1780.1,407.699378431407,40.80625,973.525,46.75,7,106.025,420.974124307525,24.18625,1057.05,99.1841967843431,5.69777777777778,248.5125,842.182,269.95,1671.3,0,0,0,0,0,85.0999999999995
Florida,2020-05-01,4867.63230630496,583.08,11411,766.54580826175,68.78125,1842.6375,414.296286678569,36.93375,993.6875,47.822,6,110.025,427.51981890258,20.5092105263158,1068.5125,100.751492750761,4.94243421052632,250.5375,890.004,275.95,1781.325,0,0,0,0,0,147.637499999999
Florida,2020-05-02,4963.24112428736,531.512039473684,11763.5,778.71779749187,62.145,1880.1,420.894228878642,33.715,1014.6625,48.855,6,114,432.429401263687,15.7221710526316,1103.5,102.315759378521,3.77777777777778,260.5125,938.859,281.95,1895.325,0,0,0,0,0,185.1
Florida,2020-05-03,5052.22012212946,502.9925,12144.375,789.72845503712,52.7017543859649,1907.75,426.717504582226,29.0334722222222,1037.875,49.835,5,117.025,434.793403881189,14.4142763157895,1113.1375,102.417612429719,3.3,261.5875,988.694,286.95,2012.35,0,0,0,0,0,212.749999999999
Florida,2020-05-04,5135.6558249588,446.641184210526,12467,800.793257502534,42.8073026315789,1967.4625,432.332742489176,23.3425438596491,1065.2,50.744,5,121.025,439.012855723069,11.7597368421053,1127.0875,103.923381555944,2.78885448916409,271.5125,1039.438,291.95,2133.375,0,0,0,0,0,272.4625
Florida,2020-05-05,5213.08614316071,402.88375,12701.9625,810.078184090978,36.2833552631579,2012.6125,437.528697348193,19.4848684210526,1097,51.629,4,124.025,442.52810346929,9.12566176470588,1160.0375,104.542939978069,2.39882352941176,273,1091.067,295.95,2257.4,0,0,0,0,0,317.6125
Florida,2020-05-06,5283.28121544229,358.5425,12834.75,818.16822561157,30.7813157894737,2039.075,441.838919428336,17.0500657894737,1115.0125,52.393,4,125.05,445.009979826692,6.94993421052632,1142.5125,104.885314568584,1.59947368421053,272.025,1143.46,299.95,2382.45,0,0,0,0,0,344.075
Florida,2020-05-07,5348.62112678234,309.642236842105,13148.1625,825.860845754628,27.83125,2090.1125,445.905378231968,15.3597368421053,1132.5625,53.145,3,128.025,444.942700214302,5.85,1143.4,105.146435817798,1.5,274.1,1196.605,302.95,2510.475,0,0,0,0,0,395.1125
Florida,2020-05-08,5404.74737904267,271.777697368421,13425.9875,831.982320367382,22.8811842105263,2115.6625,449.224094534344,12.5031578947368,1144.0875,53.796,2.975,131.025,446.354002879572,5.71864035087719,1168.525,105.266466947831,1.26282894736842,270.0875,1250.401,305.925,2641.5,0,0,0,0,0,420.6625
Florida,2020-05-09,5450.56151848898,235.02850877193,13414.6375,835.896812133347,19.7184868421053,2126.4125,451.323823868478,10.4468421052632,1154.8,54.403,2,134.025,443.547336004828,5.20315934065934,1162.7125,104.615710477435,0.998684210526316,276.525,1304.804,307.925,2775.525,0,0,0,0,0,431.4125
Florida,2020-05-10,5490.36617637376,180.845416666667,13603.3375,837.688185180308,13.97625,2146.55,452.178527180366,7.34419117647059,1156.0875,54.936,2,137,441.867949770869,0,1154.5125,104.0731622003,0,272.5125,1359.74,309.925,2912.525,0,0,0,0,0,451.55
Florida,2020-05-11,5527.83786572278,160.212916666667,13948.775,840.30423458199,10.3366176470588,2167.6375,453.813575299176,5.44022058823529,1159.625,55.39,1.975,139,444.923872258405,0,1174.5,105.014337067276,0,274,1415.13,311.9,3051.525,0,0,0,0,0,472.6375
Florida,2020-05-12,5552.84063424762,133.65125,14029.15,840.622535621272,8.04,2148.7875,454.1888532096,3.94736842105263,1161.7,55.746,1,141.025,441.688024943478,0,1164.1,104.218977591719,0,280,1470.876,312.9,3192.55,0,0,0,0,0,453.7875
Florida,2020-05-13,5568.45288157462,111.5,14166,839.069292346276,6.19375,2172.6875,453.243063005759,3.29625,1175.5125,56.042,1,143.025,437.047864314963,0,1186.6375,102.989777054095,0,276.0375,1526.918,313.9,3335.575,0,0,0,0,0,477.6875
Florida,2020-05-14,5576.05648385671,91.7475,14232.5125,835.823233264607,4.19894736842105,2160.6875,451.189044530521,2.3925,1172.0625,56.262,1,145.025,432.723736902232,0,1162.1,101.632987164783,0,274.0125,1583.18,314.9,3480.6,0,0,0,0,0,465.6875
Florida,2020-05-15,5574.27613288956,70.5707352941177,14289.7125,831.63089675948,2.71600877192983,2139.2375,448.907460088613,1.22041666666667,1164.025,56.367,1,146,427.473079503791,0,1167.65,100.927849681532,0,272.5,1639.547,315.9,3626.6,0,0,0,0,0,444.2375
Florida,2020-05-16,5565.32712074702,50.8688970588235,14349.5625,826.366487430934,1.49583333333333,2162.85,446.06291822621,0.5,1175.125,56.397,1,146,425.047786210693,0,1153.5,99.9839192351293,0,269.5625,1695.944,316.9,3772.6,0,0,0,0,0,467.85
Florida,2020-05-17,5549.61413225979,37.41125,14353.4375,820.737639424645,0,2157.8375,443.280660701579,0,1177.55,56.332,0,146,420.439163245595,0,1167.6875,98.9980641881897,0,275.525,1752.276,316.9,3918.6,0,0,0,0,0,462.8375
Florida,2020-05-18,5526.28252340845,27.51625,14316.525,814.233320653212,0,2161.0625,439.826991920055,0,1166.875,56.195,0,147,414.012580530928,0,1145.675,97.5884720701125,0,267.05,1808.471,316.9,4065.6,0,0,0,0,0,466.0625
Florida,2020-05-19,5489.67872514086,22.43125,14370.4,804.62563323525,0,2159.55,434.443083648408,0,1161.7,55.923,0,146.025,404.122087471966,0,1111.025,95.423416565117,0,266.5,1864.394,316.9,4211.625,0,0,0,0,0,464.55
Florida,2020-05-20,5443.8089330295,17.745,14428.5375,794.437742623025,0,2140.0375,428.941750562393,0,1153.3875,55.564,0,147.025,396.363042982791,0,1082.025,94.0438177396477,0,261.5,1919.958,316.9,4358.65,0,0,0,0,0,445.0375
Florida,2020-05-21,5391.0944945478,11.9486184210526,14332.7375,783.351981283929,0,2111.05,422.992605824933,0,1143.075,55.15,0,147.025,390.019495047896,0,1097.575,91.9280228408975,0,263,1975.108,316.9,4505.675,0,0,0,0,0,416.05
Florida,2020-05-22,5329.62460338506,7.39555555555556,14341.725,770.886923336828,0,2107.5,416.486357175242,0,1130.25,54.632,0,147.025,379.154730474376,0,1098.0375,89.2520380079114,0,257.5125,2029.74,316.9,4652.7,0,0,0,0,0,412.5
Florida,2020-05-23,5259.11619853574,3.6,14145.4125,757.29464787461,0,2085.2625,409.021663487832,0,1131.125,54.015,0,146,370.195553423666,0,1045.9375,87.4073977376597,0,251.575,2083.755,316.9,4798.7,0,0,0,0,0,390.2625
Florida,2020-05-24,5183.30545640211,0,13988.3125,742.478411089293,0,2062.55,401.0744613093,0,1114.7125,53.311,0,144.025,361.425015523095,0,1032.6,85.1917702050272,0,249.5,2137.066,316.9,4942.725,0,0,0,0,0,367.55
Florida,2020-05-25,5099.83132456828,0,13870.0375,726.111601222092,0,2032.5375,392.210034601381,0,1104.6875,52.53,0,143,351.248818389686,0,1019.55,82.6531736000712,0,243.5,2189.596,316.9,5085.725,0,0,0,0,0,337.5375
Florida,2020-05-26,5005.23631188733,0,13719.125,708.651880378462,0,1995.4375,382.807237202216,0,1079.575,51.645,0,140.025,340.15848265646,0,1012.6125,80.1536516799635,0,238.0625,2241.241,316.9,5225.75,0,0,0,0,0,300.4375
Florida,2020-05-27,4906.45644410398,0,13559.6625,691.227981405192,0,1963.425,373.50908939729,0,1063.0125,50.699,0,140,330.862305534438,0,981.5625,77.9994137956943,0,231.025,2291.94,316.9,5365.75,0,0,0,0,0,268.425
Florida,2020-05-28,4800.78619625031,0,13407.7,672.397276626268,0,1939.025,363.391832707029,0,1047.55,49.695,0,138,318.736463026662,0,967.5625,75.2399170613442,0,227.0125,2341.635,316.9,5503.75,0,0,0,0,0,244.025
Florida,2020-05-29,4688.17845050101,0,13279.475,652.618750825125,0,1911.0375,352.74929816818,0,1037.525,48.614,0,136,306.210749007159,0,935.5875,72.2025464721768,0,221,2390.249,316.9,5639.75,0,0,0,0,0,216.0375
Florida,2020-05-30,4571.73341714921,0,13173.8625,632.582698677475,0,1854.5875,342.061702542727,0,1002.1375,47.474,0,134,295.004784085939,0,920.5625,69.3275672360276,0,218.025,2437.723,316.9,5773.75,0,0,0,0,0,159.5875
Florida,2020-05-31,4449.57093832412,0,12807.825,612.400713190254,0,1807.725,331.338610412902,0,982.5375,46.254,0,132.025,285.445894950693,0,904.575,67.3588704730383,0,213.0375,2483.977,316.9,5905.775,0,0,0,0,0,112.725
Florida,2020-06-01,4324.54288309543,0,12528.9625,592.296745568931,0,1770.575,320.382822342252,0,956.5125,45.003,0,129.05,276.2965719852,0,884.55,65.0863553280912,0,207.55,2528.98,316.9,6034.825,0,0,0,0,0,75.5749999999999
Florida,2020-06-02,4193.93517342794,0,12191.575,571.633152997561,0,1733.6625,309.15696601915,0,936.1125,43.705,0,127.025,262.78138592092,0,862.0125,62.0229869690552,0,205.5125,2572.685,316.9,6161.85,0,0,0,0,0,38.6624999999999
Florida,2020-06-03,4061.24279664854,0,11926.025,550.545624841172,0,1697.0625,298.081176644838,0,927.025,42.394,0,124,250.464680525409,0,817.575,59.1729073604071,0,195.575,2615.079,316.9,6285.85,0,0,0,0,0,2.06249999999994
Florida,2020-06-04,3926.13125358066,0,11719.4375,528.999439338736,0,1649.0375,286.171017652476,0,891.0125,41.012,0,120.025,239.332834625638,0,802,56.5285508305549,0,191,2656.091,316.9,6405.875,0,0,0,0,0,0
Florida,2020-06-05,3787.75962523787,0,11481.3,507.741699786398,0,1614.05,274.592855765537,0,871.0125,39.612,0,118.025,228.649905220064,0,799.5125,54.0584952111141,0,188.5,2695.703,316.9,6523.9,0,0,0,0,0,0
Florida,2020-06-06,3650.02415759578,0,11258.125,486.588421285143,0,1579.075,263.052039975616,0,851.5125,38.21,0,117,217.819063932172,0,743.2,51.1360854037904,0,178.525,2733.913,316.9,6640.9,0,0,0,0,0,0
Florida,2020-06-07,3512.27704020204,0,10986.1875,466.357890106763,0,1527.6125,251.971240264032,0,821,36.79,0,113.025,207.682716380223,0,718,49.2126774863252,0,171.025,2770.703,316.9,6753.925,0,0,0,0,0,0
Florida,2020-06-08,3373.04852384065,0,10762.1125,445.543390621032,0,1485.5625,240.764049078317,0,801,35.35,0,110.025,197.526775944102,0,719.0875,46.6031194744497,0,170.05,2806.053,316.9,6863.95,0,0,0,0,0,0
Florida,2020-06-09,3231.92155756959,0,10372.0375,424.080910036833,0,1439.9375,229.121551522836,0,776.2,33.915,0,108.025,185.498839181712,0,684.0375,43.6544355001852,0,161,2839.968,316.9,6971.975,0,0,0,0,0,0
Florida,2020-06-10,3094.06895413104,0,10099.45,403.809417180583,0,1398.525,218.112227792899,0,755.6125,32.495,0,105.025,177.185965074451,0,659.55,41.8494011133603,0,157.5125,2872.463,316.9,7077,0,0,0,0,0,0
Florida,2020-06-11,2955.56309958769,0,9836.9,383.761876389031,0,1373.0375,206.946680197666,0,737.1375,31.06,0,103,166.034159991466,0,650.5,39.1887813467492,0,150.5125,2903.523,316.9,7180,0,0,0,0,0,0
Florida,2020-06-12,2819.74218759777,0,9557.925,364.111734806379,0,1304.5875,196.422475224921,0,709.5375,29.671,0,100.025,156.896427850877,0,609.2,36.9322460020243,0,145.5125,2933.194,316.9,7280.025,0,0,0,0,0,0
Florida,2020-06-13,2687.86118132807,0,9349.75,344.970717346156,0,1250.575,185.963833035596,0,680.6125,28.271,0,97.025,148.744005651147,0,592.5375,34.9487051619433,0,141,2961.465,316.9,7377.05,0,0,0,0,0,0
Florida,2020-06-14,2557.62169369174,0,9020.175,326.401779281679,0,1212.5125,175.945634790644,0,662.5375,26.894,0,93.05,139.176972149123,0,558.725,32.6212938090418,0,135.5,2988.359,316.9,7470.1,0,0,0,0,0,0
Florida,2020-06-15,2428.4942395293,0,8650.7375,308.015562495984,0,1183.5,165.988428350571,0,637.7,25.544,0,90.05,130.968233114035,0,543.5125,30.9441039473684,0,127.525,3013.903,316.9,7560.15,0,0,0,0,0,0
Florida,2020-06-16,2300.13800302106,0,8365.15,290.190727677886,0,1130.05,156.348654153152,0,612.5375,24.24,0,88,122.174270833333,0,519.0375,28.8749684210526,0,125.0125,3038.143,316.9,7648.15,0,0,0,0,0,0
Florida,2020-06-17,2177.55659260524,0,8064.1375,273.411139546122,0,1100.15,147.455054551821,0,594.5,22.949,0,85,114.647081140351,0,491.05,26.9113594298246,0,118.025,3061.092,316.9,7733.15,0,0,0,0,0,0
Florida,2020-06-18,2058.67775921865,0,7857.8625,256.81831738013,0,1049.225,138.528462631976,0,571.55,21.676,0,81.025,107.354133333333,0,479.1,25.3056421052632,0,112.5,3082.768,316.9,7814.175,0,0,0,0,0,0
Florida,2020-06-19,1943.96166071542,0,7587.6,241.389827867746,0,1002.1625,130.147497722672,0,541.5375,20.476,0,79,100.27435,0,466.5125,23.8381412280702,0,109.025,3103.244,316.9,7893.175,0,0,0,0,0,0
Florida,2020-06-20,1833.48043723643,0,7215.4125,226.597708788799,0,961.6,122.185439507422,0,515.5375,19.297,0,76,94.4266464912281,0,429.5,22.20355,0,100.0375,3122.541,316.9,7969.175,0,0,0,0,0,0
Florida,2020-06-21,1725.39806816891,0,6930.5625,212.251002530364,0,910.15,114.540083755061,0,489.0125,18.156,0,73,87.0408166666667,0,401.0125,20.6893333333333,0,95.5125,3140.697,316.9,8042.175,0,0,0,0,0,0
Florida,2020-06-22,1622.28920048958,0,6672.8625,198.872917763158,0,868.525,107.476309429825,0,472.0625,17.057,0,70,81.6099166666667,0,399.5625,19.2996166666667,0,97,3157.754,316.9,8112.175,0,0,0,0,0,0
Florida,2020-06-23,1521.2166649291,0,6325.6375,185.660048245614,0,831.5375,100.382528947368,0,450.5,16.009,0,67,74.6043666666667,0,364.525,17.7435666666667,0,89.0125,3173.763,316.9,8179.175,0,0,0,0,0,0
Florida,2020-06-24,1425.87182513212,0,6038.5625,172.894663157895,0,788.175,93.4041975877193,0,426.5,15,0,63.025,69.3447666666667,0,339.5875,16.1721666666667,0,82.5,3188.763,316.9,8242.2,0,0,0,0,0,0
Florida,2020-06-25,1333.65594066147,0,5783.3625,161.077388596491,0,744.55,86.9538043859649,0,403.05,14.033,0,61,64.2590666666667,0,335.5,15.1625666666667,0,80.5375,3202.796,316.9,8303.2,0,0,0,0,0,0
Florida,2020-06-26,1247.15697709177,0,5513.6375,149.987146491228,0,710.0125,81.0170596491228,0,382.5125,13.109,0,58,60.2112333333333,0,317,14.2472666666667,0,74.5125,3215.905,316.9,8361.2,0,0,0,0,0,0
Florida,2020-06-27,1162.96827015857,0,5269.075,138.968285964912,0,666,75.1536078947368,0,360.575,12.203,0,55,54.2181666666667,0,287.5,12.8566666666667,0,70.0125,3228.108,316.9,8416.2,0,0,0,0,0,0
Florida,2020-06-28,1082.15681115047,0,5018.625,128.61205,0,624.175,69.5780833333333,0,344.5,11.373,0,53,49.9211666666667,0,268.5125,11.878,0,64.5,3239.481,316.9,8469.2,0,0,0,0,0,0
Florida,2020-06-29,1006.66394298246,0,4727.625,118.95855,0,596.2375,64.39145,0,322.7625,10.599,0,50,46.74,0,269.025,11.0753333333333,0,64.0125,3250.08,316.9,8519.2,0,0,0,0,0,0
Florida,2020-06-30,935.402946491228,0,4484.0375,109.7286,0,568.5,59.2893,0,304.525,9.82,0,47,43.273,0,240.525,10.0998333333333,0,57,3259.9,316.9,8566.2,0,0,0,0,0,0
Florida,2020-07-01,867.857153947368,0,4208.3,101.168033333333,0,532.5375,54.6645,0,288.0625,9.127,0,45,38.977,0,228.05,9.232,0,53.5,3269.027,316.9,8611.2,0,0,0,0,0,0
Florida,2020-07-02,804.684034210526,0,3972.1625,93.4278333333333,0,503.2,50.4957333333333,0,277,8.437,0,42,36.4965,0,227.0375,8.48916666666667,0,53.5125,3277.464,316.9,8653.2,0,0,0,0,0,0
Florida,2020-07-03,744.904566666667,0,3749.0625,86.1112666666667,0,473.55,46.5690333333333,0,257.0375,7.81,0,40,33.324,0,202.5125,7.8655,0,47.5,3285.274,316.9,8693.2,0,0,0,0,0,0
Florida,2020-07-04,688.246298245614,0,3526.3125,78.9141666666667,0,438.2,42.6388333333333,0,238.525,7.206,0,38,30.1851666666667,0,187,7.06716666666667,0,43.5125,3292.48,316.9,8731.2,0,0,0,0,0,0
Florida,2020-07-05,633.814683333333,0,3315.3,72.2823333333333,0,413.0625,39.1123333333333,0,222.5125,6.644,0,35,26.9096666666667,0,178.5625,6.25033333333333,0,42,3299.124,316.9,8766.2,0,0,0,0,0,0
Florida,2020-07-06,583.9769,0,3119.3875,66.2418333333333,0,386.625,35.8416666666667,0,206.1125,6.116,0,33,24.9275,0,147.075,5.877,0,35,3305.24,316.9,8799.2,0,0,0,0,0,0
Florida,2020-07-07,532.2633,0,2912.2125,59.4825,0,355.0625,32.2255,0,191.075,5.65,0,31.025,18.319,0,117.0375,4.336,0,28.025,3310.89,316.9,8830.225,0,0,0,0,0,0
Florida,2020-07-08,485.085533333333,0,2744.5375,53.3841666666667,0,326.0375,28.9458333333333,0,177.0125,5.174,0,29.025,16.758,0,112.0375,4.0235,0,27.5,3316.064,316.9,8859.25,0,0,0,0,0,0
Florida,2020-07-09,425.603933333333,0,2442.1125,44.1216666666667,0,270.0125,23.9406666666667,0,148.5375,4.737,0,28,0,0,0,0,0,0,3320.801,316.9,8887.25,0,0,0,0,0,0
Florida,2020-07-10,370.773166666667,0,2136.3375,35.635,0,226.025,19.349,0,122.0375,4.337,0,26,0,0,0,0,0,0,3325.138,316.9,8913.25,0,0,0,0,0,0
Florida,2020-07-11,319.549333333333,0,1845.05,27.7655,0,178.0625,15.074,0,95.5375,3.971,0,24,0,0,0,0,0,0,3329.109,316.9,8937.25,0,0,0,0,0,0
Florida,2020-07-12,273.413833333333,0,1602.625,20.6638333333333,0,133,11.2618333333333,0,73,3.62,0,22.025,0,0,0,0,0,0,3332.729,316.9,8959.275,0,0,0,0,0,0
Florida,2020-07-13,231.2695,0,1380.825,14.384,0,95.5,7.8525,0,50.5,3.309,0,21,0,0,0,0,0,0,3336.038,316.9,8980.275,0,0,0,0,0,0
Florida,2020-07-14,191.745166666667,0,1179.575,8.491,0,56.5,4.6275,0,30.5,3.02,0,19.025,0,0,0,0,0,0,3339.058,316.9,8999.3,0,0,0,0,0,0
Florida,2020-07-15,156.138333333333,0,955.85,4.0865,0,27.5125,2.2165,0,15.5,2.757,0,18,0,0,0,0,0,0,3341.815,316.9,9017.3,0,0,0,0,0,0
Florida,2020-07-16,124.0485,0,768.075,0,0,0,0,0,0,0,0,0,0,0,0,0,0,0,3341.815,316.9,9017.3,0,0,0,0,0,0
Florida,2020-07-17,99.5678333333333,0,634.6125,0,0,0,0,0,0,0,0,0,0,0,0,0,0,0,3341.815,316.9,9017.3,0,0,0,0,0,0
Florida,2020-07-18,77.4076666666667,0,494.025,0,0,0,0,0,0,0,0,0,0,0,0,0,0,0,3341.815,316.9,9017.3,0,0,0,0,0,0
Florida,2020-07-19,57.2768333333333,0,357.125,0,0,0,0,0,0,0,0,0,0,0,0,0,0,0,3341.815,316.9,9017.3,0,0,0,0,0,0
Florida,2020-07-20,39.3255,0,250.0875,0,0,0,0,0,0,0,0,0,0,0,0,0,0,0,3341.815,316.9,9017.3,0,0,0,0,0,0
Florida,2020-07-21,22.7695,0,147.025,0,0,0,0,0,0,0,0,0,0,0,0,0,0,0,3341.815,316.9,9017.3,0,0,0,0,0,0
Florida,2020-07-22,10.852,0,72.05,0,0,0,0,0,0,0,0,0,0,0,0,0,0,0,3341.815,316.9,9017.3,0,0,0,0,0,0
Florida,2020-07-23,0,0,0,0,0,0,0,0,0,0,0,0,0,0,0,0,0,0,3341.815,316.9,9017.3,0,0,0,0,0,0
Florida,2020-07-24,0,0,0,0,0,0,0,0,0,0,0,0,0,0,0,0,0,0,3341.815,316.9,9017.3,0,0,0,0,0,0
Florida,2020-07-25,0,0,0,0,0,0,0,0,0,0,0,0,0,0,0,0,0,0,3341.815,316.9,9017.3,0,0,0,0,0,0
Florida,2020-07-26,0,0,0,0,0,0,0,0,0,0,0,0,0,0,0,0,0,0,3341.815,316.9,9017.3,0,0,0,0,0,0
Florida,2020-07-27,0,0,0,0,0,0,0,0,0,0,0,0,0,0,0,0,0,0,3341.815,316.9,9017.3,0,0,0,0,0,0
Florida,2020-07-28,0,0,0,0,0,0,0,0,0,0,0,0,0,0,0,0,0,0,3341.815,316.9,9017.3,0,0,0,0,0,0
Florida,2020-07-29,0,0,0,0,0,0,0,0,0,0,0,0,0,0,0,0,0,0,3341.815,316.9,9017.3,0,0,0,0,0,0
Florida,2020-07-30,0,0,0,0,0,0,0,0,0,0,0,0,0,0,0,0,0,0,3341.815,316.9,9017.3,0,0,0,0,0,0
Florida,2020-07-31,0,0,0,0,0,0,0,0,0,0,0,0,0,0,0,0,0,0,3341.815,316.9,9017.3,0,0,0,0,0,0
Florida,2020-08-01,0,0,0,0,0,0,0,0,0,0,0,0,0,0,0,0,0,0,3341.815,316.9,9017.3,0,0,0,0,0,0
Florida,2020-08-02,0,0,0,0,0,0,0,0,0,0,0,0,0,0,0,0,0,0,3341.815,316.9,9017.3,0,0,0,0,0,0
Florida,2020-08-03,0,0,0,0,0,0,0,0,0,0,0,0,0,0,0,0,0,0,3341.815,316.9,9017.3,0,0,0,0,0,0
Florida,2020-08-04,0,0,0,0,0,0,0,0,0,0,0,0,0,0,0,0,0,0,3341.815,316.9,9017.3,0,0,0,0,0,0
